Community,Year,Volume,Events,Outfalls
Auburn S.D.,1987,NA,80,11
Auburn S.D.,1988,NA,80,11
Auburn S.D.,1989,NA,80,NA
Auburn S.D.,1990,NA,80,NA
Auburn S.D.,1991,NA,80,NA
Auburn S.D.,1992,NA,80,NA
Auburn S.D.,1993,NA,21,NA
Auburn S.D.,1994,NA,21,NA
Auburn S.D.,1995,NA,10,NA
Auburn S.D.,1996,NA,10,NA
Auburn S.D.,1997,99720000,7,NA
Auburn S.D.,1998,99720000,7,NA
Auburn S.D.,1999,78340742,7,NA
Auburn S.D.,2000,102297387,7,NA
Auburn S.D.,2001,199674605,44,NA
Auburn S.D.,2002,66307631,67,6
Auburn S.D.,2003,19197928,62,6
Auburn S.D.,2004,4687316,24,6
Auburn S.D.,2005,37155818,58,6
Auburn S.D.,2006,28936137,37,6
Auburn S.D.,2007,23622547,42,4
Auburn S.D.,2008,23984272,59,3
Auburn S.D.,2009,19440841,61,3
Auburn S.D.,2010,12952500,37,3
Auburn S.D.,2011,19234856,11,2
Auburn S.D.,2012,12404500,8,3
Auburn S.D.,2013,3717000,5,2
Auburn S.D.,2014,1286000,5,2
Auburn S.D.,2015,2928519,2,1
Auburn S.D.,2016,814738,8,2
Auburn S.D.,2017,1117809,2,2
Auburn S.D.,2018,1656736,2,2
Auburn S.D.,2019,997100,5,2
Bangor,1987,NA,53,22
Bangor,1988,NA,53,22
Bangor,1989,NA,53,NA
Bangor,1990,NA,53,NA
Bangor,1991,NA,52,NA
Bangor,1992,NA,37,NA
Bangor,1993,NA,46,NA
Bangor,1994,NA,49,NA
Bangor,1995,NA,49,NA
Bangor,1996,NA,41,NA
Bangor,1997,317730000,38,NA
Bangor,1998,329000000,44,NA
Bangor,1999,285910000,33,NA
Bangor,2000,230190000,37,NA
Bangor,2001,88430000,20,NA
Bangor,2002,161000000,40,12
Bangor,2003,204000000,49,12
Bangor,2004,193870000,42,12
Bangor,2005,303160000,46,12
Bangor,2006,272750000,58,12
Bangor,2007,150580000,25,11
Bangor,2008,378640000,65,7
Bangor,2009,347360000,78,7
Bangor,2010,389300000,73,7
Bangor,2011,146000000,54,9
Bangor,2012,69940000,29,9
Bangor,2013,32140000,27,9
Bangor,2014,87748000,34,9
Bangor,2015,40109000,20,9
Bangor,2016,48586000,28,9
Bangor,2017,13310000,21,9
Bangor,2018,50547000,23,8
Bangor,2019,96009000,34,8
Bar Harbor,1987,NA,155,5
Bar Harbor,1988,NA,155,5
Bar Harbor,1989,NA,155,NA
Bar Harbor,1990,NA,155,NA
Bar Harbor,1991,NA,155,NA
Bar Harbor,1992,NA,155,NA
Bar Harbor,1993,NA,155,NA
Bar Harbor,1994,NA,155,NA
Bar Harbor,1995,NA,155,NA
Bar Harbor,1996,NA,155,NA
Bar Harbor,1997,13160915,154,NA
Bar Harbor,1998,1919628,47,NA
Bar Harbor,1999,17627806,98,NA
Bar Harbor,2000,4730155,44,NA
Bar Harbor,2001,384531,7,NA
Bar Harbor,2002,2729389,21,4
Bar Harbor,2003,2845621,16,4
Bar Harbor,2004,290133,5,4
Bar Harbor,2005,13661958,22,4
Bar Harbor,2006,5102820,18,4
Bar Harbor,2007,8719436,10,4
Bar Harbor,2008,12601889,27,4
Bar Harbor,2009,11935337,28,4
Bar Harbor,2010,6930405,19,4
Bar Harbor,2011,2563669,6,4
Bar Harbor,2012,3776092,13,4
Bar Harbor,2013,407010,6,4
Bar Harbor,2014,1561139,17,4
Bar Harbor,2015,2335692,5,4
Bar Harbor,2016,277000,2,4
Bar Harbor,2017,225200,3,4
Bar Harbor,2018,562221,7,4
Bar Harbor,2019,2757979,14,4
Bath,1987,NA,64,9
Bath,1988,NA,64,9
Bath,1989,NA,64,NA
Bath,1990,NA,64,NA
Bath,1991,NA,64,NA
Bath,1992,NA,64,NA
Bath,1993,NA,64,NA
Bath,1994,NA,64,NA
Bath,1995,NA,64,NA
Bath,1996,NA,64,NA
Bath,1997,37000000,64,NA
Bath,1998,37000000,30,NA
Bath,1999,37000000,37,NA
Bath,2000,5910364,21,NA
Bath,2001,6173760,10,NA
Bath,2002,4341921,25,4
Bath,2003,16496467,23,4
Bath,2004,6055666,20,4
Bath,2005,60338026,33,4
Bath,2006,36105688,32,4
Bath,2007,20783335,25,4
Bath,2008,24383599,29,4
Bath,2009,11323060,21,4
Bath,2010,12930203,20,4
Bath,2011,10067181,12,4
Bath,2012,12199904,23,4
Bath,2013,3297259,18,4
Bath,2014,4990910,18,4
Bath,2015,2727901,8,4
Bath,2016,1608037,14,4
Bath,2017,1697081,10,4
Bath,2018,3753899,14,4
Bath,2019,2800232,15,4
Belfast,1987,NA,7,2
Belfast,1988,NA,7,2
Belfast,1989,NA,7,NA
Belfast,1990,NA,7,NA
Belfast,1991,NA,7,NA
Belfast,1992,NA,7,NA
Belfast,1993,NA,7,NA
Belfast,1994,NA,7,NA
Belfast,1995,NA,7,NA
Belfast,1996,NA,7,NA
Belfast,1997,736000,7,NA
Belfast,1998,736620,5,NA
Belfast,1999,617517,7,NA
Belfast,2000,617517,1,NA
Belfast,2001,46000,0,NA
Belfast,2002,0,0,2
Belfast,2003,0,0,2
Belfast,2004,0,5,2
Belfast,2005,1796747,5,2
Belfast,2006,485451,3,2
Belfast,2007,1035392,5,2
Belfast,2008,198370,4,2
Belfast,2009,260036,3,2
Belfast,2010,486919,6,2
Belfast,2011,490495,3,2
Belfast,2012,0,0,2
Belfast,2013,0,0,2
Belfast,2014,0,0,2
Belfast,2015,0,1,2
Belfast,2016,0,0,2
Belfast,2017,0,0,2
Belfast,2018,305071,2,2
Belfast,2019,330905,3,2
Biddeford,1987,NA,180,16
Biddeford,1988,NA,180,16
Biddeford,1989,NA,180,NA
Biddeford,1990,NA,180,NA
Biddeford,1991,NA,180,NA
Biddeford,1992,NA,180,NA
Biddeford,1993,NA,180,NA
Biddeford,1994,NA,180,NA
Biddeford,1995,NA,180,NA
Biddeford,1996,NA,180,NA
Biddeford,1997,160000000,94,NA
Biddeford,1998,286924366,147,NA
Biddeford,1999,191155589,162,NA
Biddeford,2000,234987578,184,NA
Biddeford,2001,145356657,140,NA
Biddeford,2002,415694234,150,12
Biddeford,2003,136417937,93,11
Biddeford,2004,101087776,61,11
Biddeford,2005,381731131,104,11
Biddeford,2006,420848497,82,11
Biddeford,2007,440173468,70,11
Biddeford,2008,416581800,53,10
Biddeford,2009,435972508,46,10
Biddeford,2010,381853242,28,10
Biddeford,2011,113907851,100,10
Biddeford,2012,141198828,146,10
Biddeford,2013,90581675,77,8
Biddeford,2014,194302147,88,8
Biddeford,2015,95830208,48,8
Biddeford,2016,99492656,57,8
Biddeford,2017,49504091,55,7
Biddeford,2018,70814300,41,7
Biddeford,2019,69451000,45,7
Brewer,1987,NA,95,10
Brewer,1988,NA,95,10
Brewer,1989,NA,95,NA
Brewer,1990,NA,95,NA
Brewer,1991,NA,95,NA
Brewer,1992,NA,95,NA
Brewer,1993,NA,66,NA
Brewer,1994,NA,66,NA
Brewer,1995,NA,66,NA
Brewer,1996,NA,66,NA
Brewer,1997,725000000,22,NA
Brewer,1998,210670800,92,NA
Brewer,1999,423644459,95,NA
Brewer,2000,322168651,80,NA
Brewer,2001,243176051,53,NA
Brewer,2002,417536641,72,7
Brewer,2003,509412078,66,7
Brewer,2004,279830419,72,7
Brewer,2005,592984187,78,7
Brewer,2006,247538580,45,7
Brewer,2007,231283607,38,6
Brewer,2008,289560294,59,6
Brewer,2009,229270683,56,6
Brewer,2010,227139515,50,5
Brewer,2011,140065515,45,5
Brewer,2012,435548,5,4
Brewer,2013,58310,3,4
Brewer,2014,139280,3,4
Brewer,2015,465000,1,4
Brewer,2016,87374,2,4
Brewer,2017,0,0,4
Brewer,2018,366687,4,4
Brewer,2019,868060,4,4
Bucksport,1987,NA,53,2
Bucksport,1988,NA,53,2
Bucksport,1989,NA,53,NA
Bucksport,1990,NA,53,NA
Bucksport,1991,NA,53,NA
Bucksport,1992,NA,53,NA
Bucksport,1993,NA,53,NA
Bucksport,1994,NA,53,NA
Bucksport,1995,NA,53,NA
Bucksport,1996,NA,53,NA
Bucksport,1997,53000000,53,NA
Bucksport,1998,53000000,10,NA
Bucksport,1999,53000000,17,NA
Bucksport,2000,53000000,10,NA
Bucksport,2001,53000000,32,NA
Bucksport,2002,53000000,24,2
Bucksport,2003,53000000,25,2
Bucksport,2004,371970,8,2
Bucksport,2005,16623000,24,2
Bucksport,2006,5546501,18,2
Bucksport,2007,20000,2,2
Bucksport,2008,0,0,1
Bucksport,2009,0,0,1
Bucksport,2010,0,0,1
Bucksport,2011,0,0,1
Bucksport,2012,0,0,1
Bucksport,2013,0,0,1
Bucksport,2014,0,0,1
Bucksport,2015,0,0,1
Bucksport,2016,0,0,1
Bucksport,2017,NA,NA,NA
Bucksport,2018,NA,NA,NA
Bucksport,2019,NA,NA,NA
Calais,1987,NA,15,5
Calais,1988,NA,15,5
Calais,1989,NA,15,NA
Calais,1990,NA,15,NA
Calais,1991,NA,15,NA
Calais,1992,NA,15,NA
Calais,1993,NA,15,NA
Calais,1994,NA,15,NA
Calais,1995,NA,15,NA
Calais,1996,NA,15,NA
Calais,1997,42000000,15,NA
Calais,1998,42000000,15,NA
Calais,1999,42000000,15,NA
Calais,2000,42000000,15,NA
Calais,2001,42000000,15,NA
Calais,2002,42000000,15,5
Calais,2003,26280000,15,5
Calais,2004,5290000,9,5
Calais,2005,42140000,15,5
Calais,2006,20409850,5,5
Calais,2007,22060520,8,5
Calais,2008,18989779,10,5
Calais,2009,21263750,14,5
Calais,2010,31134915,8,5
Calais,2011,16860000,6,5
Calais,2012,18210000,14,5
Calais,2013,18311206,8,5
Calais,2014,20775288,14,5
Calais,2015,5292778,6,5
Calais,2016,4624354,7,5
Calais,2017,4512300,9,5
Calais,2018,10000030,15,5
Calais,2019,2403000,6,5
Cape Elizabeth,1987,NA,5,1
Cape Elizabeth,1988,NA,5,1
Cape Elizabeth,1989,NA,5,NA
Cape Elizabeth,1990,NA,5,NA
Cape Elizabeth,1991,NA,5,NA
Cape Elizabeth,1992,NA,5,NA
Cape Elizabeth,1993,NA,5,NA
Cape Elizabeth,1994,NA,5,NA
Cape Elizabeth,1995,NA,5,NA
Cape Elizabeth,1996,NA,5,NA
Cape Elizabeth,1997,5400000,2,NA
Cape Elizabeth,1998,5400000,3,NA
Cape Elizabeth,1999,5400000,5,NA
Cape Elizabeth,2000,739000,5,NA
Cape Elizabeth,2001,100000,3,NA
Cape Elizabeth,2002,0,0,1
Cape Elizabeth,2003,630000,2,1
Cape Elizabeth,2004,1325000,5,1
Cape Elizabeth,2005,4807000,20,1
Cape Elizabeth,2006,5365000,20,1
Cape Elizabeth,2007,3254000,5,1
Cape Elizabeth,2008,2567000,11,1
Cape Elizabeth,2009,3527000,17,1
Cape Elizabeth,2010,3955292,12,1
Cape Elizabeth,2011,1072000,6,1
Cape Elizabeth,2012,2735000,11,1
Cape Elizabeth,2013,41000,2,1
Cape Elizabeth,2014,1440000,12,1
Cape Elizabeth,2015,277000,2,1
Cape Elizabeth,2016,251000,6,1
Cape Elizabeth,2017,277000,2,1
Cape Elizabeth,2018,375000,4,1
Cape Elizabeth,2019,432000,2,1
Corinna S.D.,1987,NA,30,5
Corinna S.D.,1988,NA,30,5
Corinna S.D.,1989,NA,30,NA
Corinna S.D.,1990,NA,30,NA
Corinna S.D.,1991,NA,30,NA
Corinna S.D.,1992,NA,30,NA
Corinna S.D.,1993,NA,30,NA
Corinna S.D.,1994,NA,30,NA
Corinna S.D.,1995,NA,30,NA
Corinna S.D.,1996,NA,30,NA
Corinna S.D.,1997,20000,15,NA
Corinna S.D.,1998,22000,16,NA
Corinna S.D.,1999,27000,26,NA
Corinna S.D.,2000,31000,23,NA
Corinna S.D.,2001,25000,19,NA
Corinna S.D.,2002,2000,1,1
Corinna S.D.,2003,2000,1,1
Corinna S.D.,2004,0,0,0
Corinna S.D.,2005,NA,NA,1
Corinna S.D.,2006,NA,NA,0
Corinna S.D.,2007,NA,NA,NA
Corinna S.D.,2008,NA,NA,NA
Corinna S.D.,2009,NA,NA,NA
Corinna S.D.,2010,NA,NA,NA
Corinna S.D.,2011,NA,NA,NA
Corinna S.D.,2012,NA,NA,NA
Corinna S.D.,2013,NA,NA,NA
Corinna S.D.,2014,NA,NA,NA
Corinna S.D.,2015,NA,NA,NA
Corinna S.D.,2016,NA,NA,NA
Corinna S.D.,2017,NA,NA,NA
Corinna S.D.,2018,NA,NA,NA
Corinna S.D.,2019,NA,NA,NA
Dover-Foxcroft,1987,NA,8,15
Dover-Foxcroft,1988,NA,8,15
Dover-Foxcroft,1989,NA,8,NA
Dover-Foxcroft,1990,NA,8,NA
Dover-Foxcroft,1991,NA,8,NA
Dover-Foxcroft,1992,NA,2,NA
Dover-Foxcroft,1993,NA,8,NA
Dover-Foxcroft,1994,NA,6,NA
Dover-Foxcroft,1995,NA,1,NA
Dover-Foxcroft,1996,NA,4,NA
Dover-Foxcroft,1997,0,0,NA
Dover-Foxcroft,1998,6000,3,NA
Dover-Foxcroft,1999,0,0,NA
Dover-Foxcroft,2000,2000,1,NA
Dover-Foxcroft,2001,0,0,NA
Dover-Foxcroft,2002,0,0,4
Dover-Foxcroft,2003,0,0,4
Dover-Foxcroft,2004,0,0,4
Dover-Foxcroft,2005,199000,2,4
Dover-Foxcroft,2006,0,0,4
Dover-Foxcroft,2007,NA,NA,NA
Dover-Foxcroft,2008,NA,NA,NA
Dover-Foxcroft,2009,NA,NA,NA
Dover-Foxcroft,2010,NA,NA,NA
Dover-Foxcroft,2011,NA,NA,NA
Dover-Foxcroft,2012,NA,NA,NA
Dover-Foxcroft,2013,NA,NA,NA
Dover-Foxcroft,2014,NA,NA,NA
Dover-Foxcroft,2015,NA,NA,NA
Dover-Foxcroft,2016,NA,NA,NA
Dover-Foxcroft,2017,NA,NA,NA
Dover-Foxcroft,2018,NA,NA,NA
Dover-Foxcroft,2019,NA,NA,NA
East Millinocket,1987,NA,11,5
East Millinocket,1988,NA,11,5
East Millinocket,1989,NA,11,NA
East Millinocket,1990,NA,11,NA
East Millinocket,1991,NA,11,NA
East Millinocket,1992,NA,11,NA
East Millinocket,1993,NA,11,NA
East Millinocket,1994,NA,11,NA
East Millinocket,1995,NA,11,NA
East Millinocket,1996,NA,11,NA
East Millinocket,1997,1200000,11,NA
East Millinocket,1998,1200000,11,NA
East Millinocket,1999,0,0,NA
East Millinocket,2000,0,0,NA
East Millinocket,2001,0,0,NA
East Millinocket,2002,0,0,1
East Millinocket,2003,0,0,1
East Millinocket,2004,0,0,1
East Millinocket,2005,0,0,1
East Millinocket,2006,0,0,1
East Millinocket,2007,NA,NA,NA
East Millinocket,2008,NA,NA,NA
East Millinocket,2009,NA,NA,NA
East Millinocket,2010,NA,NA,NA
East Millinocket,2011,NA,NA,NA
East Millinocket,2012,NA,NA,NA
East Millinocket,2013,NA,NA,NA
East Millinocket,2014,NA,NA,NA
East Millinocket,2015,NA,NA,NA
East Millinocket,2016,NA,NA,NA
East Millinocket,2017,NA,NA,NA
East Millinocket,2018,NA,NA,NA
East Millinocket,2019,NA,NA,NA
Fairfield,1987,NA,15,3
Fairfield,1988,NA,15,3
Fairfield,1989,NA,15,NA
Fairfield,1990,NA,15,NA
Fairfield,1991,NA,15,NA
Fairfield,1992,NA,15,NA
Fairfield,1993,NA,15,NA
Fairfield,1994,NA,15,NA
Fairfield,1995,NA,15,NA
Fairfield,1996,NA,15,NA
Fairfield,1997,301461,4,NA
Fairfield,1998,221954,4,NA
Fairfield,1999,221954,4,NA
Fairfield,2000,221954,4,NA
Fairfield,2001,221954,4,NA
Fairfield,2002,65296,4,2
Fairfield,2003,0,0,2
Fairfield,2004,0,0,2
Fairfield,2005,0,0,2
Fairfield,2006,0,0,2
Fairfield,2007,0,0,2
Fairfield,2008,0,0,2
Fairfield,2009,0,0,2
Fairfield,2010,0,0,2
Fairfield,2011,0,0,2
Fairfield,2012,0,0,2
Fairfield,2013,0,0,0
Fairfield,2014,NA,NA,NA
Fairfield,2015,NA,NA,NA
Fairfield,2016,NA,NA,NA
Fairfield,2017,NA,NA,NA
Fairfield,2018,NA,NA,NA
Fairfield,2019,NA,NA,NA
Fort Kent U.D.,1987,NA,10,6
Fort Kent U.D.,1988,NA,10,6
Fort Kent U.D.,1989,NA,NA,NA
Fort Kent U.D.,1990,NA,NA,NA
Fort Kent U.D.,1991,NA,NA,NA
Fort Kent U.D.,1992,NA,NA,NA
Fort Kent U.D.,1993,NA,NA,NA
Fort Kent U.D.,1994,NA,NA,NA
Fort Kent U.D.,1995,NA,NA,NA
Fort Kent U.D.,1996,NA,NA,NA
Fort Kent U.D.,1997,3000,NA,NA
Fort Kent U.D.,1998,3000,NA,NA
Fort Kent U.D.,1999,0,NA,NA
Fort Kent U.D.,2000,2200,NA,NA
Fort Kent U.D.,2001,0,NA,NA
Fort Kent U.D.,2002,0,NA,1
Fort Kent U.D.,2003,2400,NA,1
Fort Kent U.D.,2004,41000,NA,1
Fort Kent U.D.,2005,600000,4,1
Fort Kent U.D.,2006,NA,NA,1
Fort Kent U.D.,2007,NA,NA,NA
Fort Kent U.D.,2008,NA,NA,NA
Fort Kent U.D.,2009,NA,NA,NA
Fort Kent U.D.,2010,NA,NA,NA
Fort Kent U.D.,2011,NA,NA,NA
Fort Kent U.D.,2012,NA,NA,NA
Fort Kent U.D.,2013,NA,NA,NA
Fort Kent U.D.,2014,NA,NA,NA
Fort Kent U.D.,2015,NA,NA,NA
Fort Kent U.D.,2016,NA,NA,NA
Fort Kent U.D.,2017,NA,NA,NA
Fort Kent U.D.,2018,NA,NA,NA
Fort Kent U.D.,2019,NA,NA,NA
Fort KentU.D.,1987,NA,NA,NA
Fort KentU.D.,1988,NA,NA,NA
Fort KentU.D.,1989,NA,10,NA
Fort KentU.D.,1990,NA,10,NA
Fort KentU.D.,1991,NA,10,NA
Fort KentU.D.,1992,NA,10,NA
Fort KentU.D.,1993,NA,10,NA
Fort KentU.D.,1994,NA,10,NA
Fort KentU.D.,1995,NA,10,NA
Fort KentU.D.,1996,NA,10,NA
Fort KentU.D.,1997,NA,0,NA
Fort KentU.D.,1998,NA,2,NA
Fort KentU.D.,1999,NA,0,NA
Fort KentU.D.,2000,NA,0,NA
Fort KentU.D.,2001,NA,2,NA
Fort KentU.D.,2002,NA,1,NA
Fort KentU.D.,2003,NA,4,NA
Fort KentU.D.,2004,NA,NA,NA
Fort KentU.D.,2005,NA,NA,NA
Fort KentU.D.,2006,NA,NA,NA
Fort KentU.D.,2007,NA,NA,NA
Fort KentU.D.,2008,NA,NA,NA
Fort KentU.D.,2009,NA,NA,NA
Fort KentU.D.,2010,NA,NA,NA
Fort KentU.D.,2011,NA,NA,NA
Fort KentU.D.,2012,NA,NA,NA
Fort KentU.D.,2013,NA,NA,NA
Fort KentU.D.,2014,NA,NA,NA
Fort KentU.D.,2015,NA,NA,NA
Fort KentU.D.,2016,NA,NA,NA
Fort KentU.D.,2017,NA,NA,NA
Fort KentU.D.,2018,NA,NA,NA
Fort KentU.D.,2019,NA,NA,NA
Gardiner,1987,NA,40,2
Gardiner,1988,NA,40,2
Gardiner,1989,NA,40,NA
Gardiner,1990,NA,40,NA
Gardiner,1991,NA,40,NA
Gardiner,1992,NA,40,NA
Gardiner,1993,NA,40,NA
Gardiner,1994,NA,40,NA
Gardiner,1995,NA,40,NA
Gardiner,1996,NA,40,NA
Gardiner,1997,44000000,5,NA
Gardiner,1998,43948000,19,NA
Gardiner,1999,7843400,11,NA
Gardiner,2000,8278600,13,NA
Gardiner,2001,6487000,9,NA
Gardiner,2002,11528900,13,2
Gardiner,2003,13149700,24,2
Gardiner,2004,5113000,11,2
Gardiner,2005,46616000,41,2
Gardiner,2006,10269400,14,2
Gardiner,2007,2487000,2,1
Gardiner,2008,5000000,8,1
Gardiner,2009,1380000,2,1
Gardiner,2010,10453761,12,1
Gardiner,2011,4655000,6,1
Gardiner,2012,4455400,6,1
Gardiner,2013,1287000,3,1
Gardiner,2014,1950000,3,1
Gardiner,2015,2299300,2,1
Gardiner,2016,665000,2,1
Gardiner,2017,2877000,5,1
Gardiner,2018,4893100,5,1
Gardiner,2019,2877000,5,1
Greater Augusta U.D.,1987,NA,80,31
Greater Augusta U.D.,1988,NA,80,31
Greater Augusta U.D.,1989,NA,80,NA
Greater Augusta U.D.,1990,NA,80,NA
Greater Augusta U.D.,1991,NA,80,NA
Greater Augusta U.D.,1992,NA,80,NA
Greater Augusta U.D.,1993,NA,80,NA
Greater Augusta U.D.,1994,NA,80,NA
Greater Augusta U.D.,1995,NA,80,NA
Greater Augusta U.D.,1996,NA,80,NA
Greater Augusta U.D.,1997,1053717,39,NA
Greater Augusta U.D.,1998,3411410,79,NA
Greater Augusta U.D.,1999,72554222,59,NA
Greater Augusta U.D.,2000,5615140,73,NA
Greater Augusta U.D.,2001,2705324,25,NA
Greater Augusta U.D.,2002,2191067,58,23
Greater Augusta U.D.,2003,7089337,70,24
Greater Augusta U.D.,2004,3881421,58,24
Greater Augusta U.D.,2005,26553055,73,24
Greater Augusta U.D.,2006,14539424,50,24
Greater Augusta U.D.,2007,10000000,29,23
Greater Augusta U.D.,2008,48965215,34,24
Greater Augusta U.D.,2009,15723000,35,23
Greater Augusta U.D.,2010,49670000,32,22
Greater Augusta U.D.,2011,31589000,37,22
Greater Augusta U.D.,2012,38408000,29,19
Greater Augusta U.D.,2013,26901000,22,18
Greater Augusta U.D.,2014,17646000,29,18
Greater Augusta U.D.,2015,21680000,17,18
Greater Augusta U.D.,2016,7120000,17,18
Greater Augusta U.D.,2017,3680000,29,18
Greater Augusta U.D.,2018,3771000,35,18
Greater Augusta U.D.,2019,3482000,26,18
Hallowell W.D. - 2008 GAUD,1987,NA,14,NA
Hallowell W.D. - 2008 GAUD,1988,NA,14,NA
Hallowell W.D. - 2008 GAUD,1989,NA,14,NA
Hallowell W.D. - 2008 GAUD,1990,NA,14,NA
Hallowell W.D. - 2008 GAUD,1991,NA,14,NA
Hallowell W.D. - 2008 GAUD,1992,NA,14,NA
Hallowell W.D. - 2008 GAUD,1993,NA,14,NA
Hallowell W.D. - 2008 GAUD,1994,NA,14,NA
Hallowell W.D. - 2008 GAUD,1995,NA,14,NA
Hallowell W.D. - 2008 GAUD,1996,NA,14,NA
Hallowell W.D. - 2008 GAUD,1997,150000,3,NA
Hallowell W.D. - 2008 GAUD,1998,200000,4,NA
Hallowell W.D. - 2008 GAUD,1999,300000,6,NA
Hallowell W.D. - 2008 GAUD,2000,150000,3,NA
Hallowell W.D. - 2008 GAUD,2001,0,0,NA
Hallowell W.D. - 2008 GAUD,2002,0,0,NA
Hallowell W.D. - 2008 GAUD,2003,100000,2,NA
Hallowell W.D. - 2008 GAUD,2004,0,0,NA
Hallowell W.D. - 2008 GAUD,2005,700000,14,NA
Hallowell W.D. - 2008 GAUD,2006,150000,3,NA
Hallowell W.D. - 2008 GAUD,2007,150000,3,NA
Hallowell W.D. - 2008 GAUD,2008,NA,NA,NA
Hallowell W.D. - 2008 GAUD,2009,NA,NA,NA
Hallowell W.D. - 2008 GAUD,2010,NA,NA,NA
Hallowell W.D. - 2008 GAUD,2011,NA,NA,NA
Hallowell W.D. - 2008 GAUD,2012,NA,NA,NA
Hallowell W.D. - 2008 GAUD,2013,NA,NA,NA
Hallowell W.D. - 2008 GAUD,2014,NA,NA,NA
Hallowell W.D. - 2008 GAUD,2015,NA,NA,NA
Hallowell W.D. - 2008 GAUD,2016,NA,NA,NA
Hallowell W.D. - 2008 GAUD,2017,NA,NA,NA
Hallowell W.D. - 2008 GAUD,2018,NA,NA,NA
Hallowell W.D. - 2008 GAUD,2019,NA,NA,NA
Hallowell W.D. – 2008 GAUD,1987,NA,NA,1
Hallowell W.D. – 2008 GAUD,1988,NA,NA,1
Hallowell W.D. – 2008 GAUD,2002,NA,NA,1
Hallowell W.D. – 2008 GAUD,2003,NA,NA,1
Hallowell W.D. – 2008 GAUD,2004,NA,NA,1
Hallowell W.D. – 2008 GAUD,2005,NA,NA,1
Hallowell W.D. – 2008 GAUD,2006,NA,NA,1
Hallowell W.D. – 2008 GAUD,2007,NA,NA,1
Hallowell W.D. – 2008 GAUD,2008,NA,NA,NA
Hallowell W.D. – 2008 GAUD,2009,NA,NA,NA
Hallowell W.D. – 2008 GAUD,2010,NA,NA,NA
Hallowell W.D. – 2008 GAUD,2011,NA,NA,NA
Hallowell W.D. – 2008 GAUD,2012,NA,NA,NA
Hallowell W.D. – 2008 GAUD,2013,NA,NA,NA
Hallowell W.D. – 2008 GAUD,2014,NA,NA,NA
Hallowell W.D. – 2008 GAUD,2015,NA,NA,NA
Hallowell W.D. – 2008 GAUD,2016,NA,NA,NA
Hallowell W.D. – 2008 GAUD,2017,NA,NA,NA
Hallowell W.D. – 2008 GAUD,2018,NA,NA,NA
Hallowell W.D. – 2008 GAUD,2019,NA,NA,NA
Hampden,1987,NA,1,1
Hampden,1988,NA,3,1
Hampden,1989,NA,8,NA
Hampden,1990,NA,10,NA
Hampden,1991,NA,7,NA
Hampden,1992,NA,4,NA
Hampden,1993,NA,17,NA
Hampden,1994,NA,18,NA
Hampden,1995,NA,8,NA
Hampden,1996,NA,14,NA
Hampden,1997,106355,8,NA
Hampden,1998,113282,1,NA
Hampden,1999,1474767,11,NA
Hampden,2000,1218000,9,NA
Hampden,2001,0,0,NA
Hampden,2002,0,0,1
Hampden,2003,262900,2,1
Hampden,2004,0,0,1
Hampden,2005,43862280,13,1
Hampden,2006,0,0,1
Hampden,2007,85000,1,1
Hampden,2008,0,0,1
Hampden,2009,500000,1,1
Hampden,2010,500000,1,1
Hampden,2011,500000,1,1
Hampden,2012,0,0,1
Hampden,2013,0,0,1
Hampden,2014,0,0,1
Hampden,2015,24105,1,1
Hampden,2016,151055,1,1
Hampden,2017,0,0,1
Hampden,2018,1250000,1,1
Hampden,2019,1933080,2,1
Kennebec S.T.D.,1987,NA,15,5
Kennebec S.T.D.,1988,NA,15,5
Kennebec S.T.D.,1989,NA,15,NA
Kennebec S.T.D.,1990,NA,15,NA
Kennebec S.T.D.,1991,NA,15,NA
Kennebec S.T.D.,1992,NA,15,NA
Kennebec S.T.D.,1993,NA,15,NA
Kennebec S.T.D.,1994,NA,15,NA
Kennebec S.T.D.,1995,NA,15,NA
Kennebec S.T.D.,1996,NA,15,NA
Kennebec S.T.D.,1997,436994,15,NA
Kennebec S.T.D.,1998,399843,8,NA
Kennebec S.T.D.,1999,3088240,6,NA
Kennebec S.T.D.,2000,3043421,6,NA
Kennebec S.T.D.,2001,421162,4,NA
Kennebec S.T.D.,2002,0,0,3
Kennebec S.T.D.,2003,858175,5,3
Kennebec S.T.D.,2004,341948,7,3
Kennebec S.T.D.,2005,2438706,9,3
Kennebec S.T.D.,2006,385734,3,3
Kennebec S.T.D.,2007,1136649,1,3
Kennebec S.T.D.,2008,2209107,4,3
Kennebec S.T.D.,2009,0,0,3
Kennebec S.T.D.,2010,0,0,3
Kennebec S.T.D.,2011,0,0,3
Kennebec S.T.D.,2012,135444,1,3
Kennebec S.T.D.,2013,0,0,3
Kennebec S.T.D.,2014,0,0,3
Kennebec S.T.D.,2015,1797554,1,3
Kennebec S.T.D.,2016,0,0,3
Kennebec S.T.D.,2017,0,0,3
Kennebec S.T.D.,2018,324228,1,3
Kennebec S.T.D.,2019,0,0,2
Kittery,1987,NA,7,3
Kittery,1988,NA,7,3
Kittery,1989,NA,7,NA
Kittery,1990,NA,7,NA
Kittery,1991,NA,7,NA
Kittery,1992,NA,7,NA
Kittery,1993,NA,7,NA
Kittery,1994,NA,7,NA
Kittery,1995,NA,7,NA
Kittery,1996,NA,7,NA
Kittery,1997,150000,3,NA
Kittery,1998,100000,2,NA
Kittery,1999,0,0,NA
Kittery,2000,50000,1,NA
Kittery,2001,50000,1,NA
Kittery,2002,0,0,3
Kittery,2003,0,0,3
Kittery,2004,33900,1,3
Kittery,2005,0,0,3
Kittery,2006,NA,NA,3
Kittery,2007,NA,NA,NA
Kittery,2008,NA,NA,NA
Kittery,2009,NA,NA,NA
Kittery,2010,NA,NA,NA
Kittery,2011,NA,NA,NA
Kittery,2012,NA,NA,NA
Kittery,2013,NA,NA,NA
Kittery,2014,NA,NA,NA
Kittery,2015,NA,NA,NA
Kittery,2016,NA,NA,NA
Kittery,2017,NA,NA,NA
Kittery,2018,NA,NA,NA
Kittery,2019,NA,NA,NA
Lewiston,1987,NA,80,32
Lewiston,1988,NA,80,32
Lewiston,1989,NA,80,NA
Lewiston,1990,NA,80,NA
Lewiston,1991,NA,80,NA
Lewiston,1992,NA,80,NA
Lewiston,1993,NA,80,NA
Lewiston,1994,NA,80,NA
Lewiston,1995,NA,80,NA
Lewiston,1996,NA,80,NA
Lewiston,1997,94105000,46,NA
Lewiston,1998,142000000,71,NA
Lewiston,1999,215300000,62,NA
Lewiston,2000,136898295,70,NA
Lewiston,2001,61370660,43,NA
Lewiston,2002,176395415,57,30
Lewiston,2003,199236985,55,30
Lewiston,2004,82766343,65,30
Lewiston,2005,249891633,69,30
Lewiston,2006,159807018,70,30
Lewiston,2007,90983189,38,23
Lewiston,2008,152039341,71,22
Lewiston,2009,116557656,58,22
Lewiston,2010,113285042,68,20
Lewiston,2011,78521909,45,18
Lewiston,2012,90103658,38,18
Lewiston,2013,32772894,27,16
Lewiston,2014,21355331,23,11
Lewiston,2015,30574217,37,10
Lewiston,2016,25477213,35,8
Lewiston,2017,12808039,28,8
Lewiston,2018,18552725,24,8
Lewiston,2019,21743196,27,8
Lewiston-Auburn W.P.C.A.,1987,NA,80,1
Lewiston-Auburn W.P.C.A.,1988,NA,80,1
Lewiston-Auburn W.P.C.A.,1989,NA,80,NA
Lewiston-Auburn W.P.C.A.,1990,NA,80,NA
Lewiston-Auburn W.P.C.A.,1991,NA,80,NA
Lewiston-Auburn W.P.C.A.,1992,NA,80,NA
Lewiston-Auburn W.P.C.A.,1993,NA,80,NA
Lewiston-Auburn W.P.C.A.,1994,NA,80,NA
Lewiston-Auburn W.P.C.A.,1995,NA,80,NA
Lewiston-Auburn W.P.C.A.,1996,NA,80,NA
Lewiston-Auburn W.P.C.A.,1997,480000000,80,NA
Lewiston-Auburn W.P.C.A.,1998,480000000,80,NA
Lewiston-Auburn W.P.C.A.,1999,480000000,80,NA
Lewiston-Auburn W.P.C.A.,2000,107968000,41,NA
Lewiston-Auburn W.P.C.A.,2001,135764000,28,NA
Lewiston-Auburn W.P.C.A.,2002,111036000,25,1
Lewiston-Auburn W.P.C.A.,2003,113088000,23,1
Lewiston-Auburn W.P.C.A.,2004,83045000,35,1
Lewiston-Auburn W.P.C.A.,2005,480025000,49,1
Lewiston-Auburn W.P.C.A.,2006,265521000,44,1
Lewiston-Auburn W.P.C.A.,2007,142286000,29,1
Lewiston-Auburn W.P.C.A.,2008,292244000,38,1
Lewiston-Auburn W.P.C.A.,2009,207794000,36,1
Lewiston-Auburn W.P.C.A.,2010,156986000,44,1
Lewiston-Auburn W.P.C.A.,2011,108278048,37,1
Lewiston-Auburn W.P.C.A.,2012,113380000,22,1
Lewiston-Auburn W.P.C.A.,2013,63567000,32,1
Lewiston-Auburn W.P.C.A.,2014,68569000,26,1
Lewiston-Auburn W.P.C.A.,2015,27838000,17,1
Lewiston-Auburn W.P.C.A.,2016,18694000,17,1
Lewiston-Auburn W.P.C.A.,2017,21856000,10,1
Lewiston-Auburn W.P.C.A.,2018,25735000,20,1
Lewiston-Auburn W.P.C.A.,2019,28518000,19,1
Lincoln S.D.,1987,NA,10,1
Lincoln S.D.,1988,NA,10,1
Lincoln S.D.,1989,NA,10,NA
Lincoln S.D.,1990,NA,10,NA
Lincoln S.D.,1991,NA,10,NA
Lincoln S.D.,1992,NA,10,NA
Lincoln S.D.,1993,NA,10,NA
Lincoln S.D.,1994,NA,10,NA
Lincoln S.D.,1995,NA,10,NA
Lincoln S.D.,1996,NA,5,NA
Lincoln S.D.,1997,86982,1,NA
Lincoln S.D.,1998,2411050,3,NA
Lincoln S.D.,1999,349276,11,NA
Lincoln S.D.,2000,1057000,2,NA
Lincoln S.D.,2001,NA,NA,NA
Lincoln S.D.,2002,NA,NA,0
Lincoln S.D.,2003,NA,NA,0
Lincoln S.D.,2004,NA,NA,NA
Lincoln S.D.,2005,NA,NA,NA
Lincoln S.D.,2006,NA,NA,NA
Lincoln S.D.,2007,NA,NA,NA
Lincoln S.D.,2008,NA,NA,NA
Lincoln S.D.,2009,NA,NA,NA
Lincoln S.D.,2010,NA,NA,NA
Lincoln S.D.,2011,NA,NA,NA
Lincoln S.D.,2012,NA,NA,NA
Lincoln S.D.,2013,NA,NA,NA
Lincoln S.D.,2014,NA,NA,NA
Lincoln S.D.,2015,NA,NA,NA
Lincoln S.D.,2016,NA,NA,NA
Lincoln S.D.,2017,NA,NA,NA
Lincoln S.D.,2018,NA,NA,NA
Lincoln S.D.,2019,NA,NA,NA
Lisbon,1987,NA,5,6
Lisbon,1988,NA,5,6
Lisbon,1989,NA,5,NA
Lisbon,1990,NA,5,NA
Lisbon,1991,NA,5,NA
Lisbon,1992,NA,5,NA
Lisbon,1993,NA,5,NA
Lisbon,1994,NA,5,NA
Lisbon,1995,NA,5,NA
Lisbon,1996,NA,5,NA
Lisbon,1997,600000,5,NA
Lisbon,1998,600000,5,NA
Lisbon,1999,850000,1,NA
Lisbon,2000,300000,1,NA
Lisbon,2001,83000,1,NA
Lisbon,2002,0,0,2
Lisbon,2003,0,0,2
Lisbon,2004,0,0,2
Lisbon,2005,NA,NA,2
Lisbon,2006,NA,NA,2
Lisbon,2007,NA,NA,NA
Lisbon,2008,NA,NA,NA
Lisbon,2009,NA,NA,NA
Lisbon,2010,NA,NA,NA
Lisbon,2011,NA,NA,NA
Lisbon,2012,NA,NA,NA
Lisbon,2013,NA,NA,NA
Lisbon,2014,NA,NA,NA
Lisbon,2015,NA,NA,NA
Lisbon,2016,NA,NA,NA
Lisbon,2017,NA,NA,NA
Lisbon,2018,NA,NA,NA
Lisbon,2019,NA,NA,NA
Livermore Falls,1987,NA,NA,5
Livermore Falls,1988,NA,NA,5
Livermore Falls,1989,NA,NA,NA
Livermore Falls,1990,NA,NA,NA
Livermore Falls,1991,NA,NA,NA
Livermore Falls,1992,NA,NA,NA
Livermore Falls,1993,NA,NA,NA
Livermore Falls,1994,NA,NA,NA
Livermore Falls,1995,NA,NA,NA
Livermore Falls,1996,NA,NA,NA
Livermore Falls,1997,NA,NA,NA
Livermore Falls,1998,NA,NA,NA
Livermore Falls,1999,NA,NA,NA
Livermore Falls,2000,NA,NA,NA
Livermore Falls,2001,NA,NA,NA
Livermore Falls,2002,NA,NA,0
Livermore Falls,2003,NA,NA,0
Livermore Falls,2004,NA,NA,NA
Livermore Falls,2005,NA,NA,NA
Livermore Falls,2006,NA,NA,NA
Livermore Falls,2007,NA,NA,NA
Livermore Falls,2008,NA,NA,NA
Livermore Falls,2009,NA,NA,NA
Livermore Falls,2010,NA,NA,NA
Livermore Falls,2011,NA,NA,NA
Livermore Falls,2012,NA,NA,NA
Livermore Falls,2013,NA,NA,NA
Livermore Falls,2014,NA,NA,NA
Livermore Falls,2015,NA,NA,NA
Livermore Falls,2016,NA,NA,NA
Livermore Falls,2017,NA,NA,NA
Livermore Falls,2018,NA,NA,NA
Livermore Falls,2019,NA,NA,NA
Machias,1987,NA,15,3
Machias,1988,NA,15,3
Machias,1989,NA,15,NA
Machias,1990,NA,15,NA
Machias,1991,NA,5,NA
Machias,1992,NA,7,NA
Machias,1993,NA,3,NA
Machias,1994,NA,9,NA
Machias,1995,NA,3,NA
Machias,1996,NA,3,NA
Machias,1997,7000000,3,NA
Machias,1998,963052,2,NA
Machias,1999,1184000,9,NA
Machias,2000,690000,5,NA
Machias,2001,0,0,NA
Machias,2002,722293,4,2
Machias,2003,2533245,16,2
Machias,2004,2124118,8,2
Machias,2005,6646222,15,2
Machias,2006,3008025,10,2
Machias,2007,2263720,5,2
Machias,2008,2328905,12,2
Machias,2009,4073938,13,2
Machias,2010,2791962,9,2
Machias,2011,1180678,7,2
Machias,2012,938330,9,2
Machias,2013,1857988,6,2
Machias,2014,2202444,13,2
Machias,2015,1067647,7,2
Machias,2016,910259,8,2
Machias,2017,203815,7,2
Machias,2018,603687,11,2
Machias,2019,145425,7,2
Madawaska,1987,NA,16,2
Madawaska,1988,NA,16,2
Madawaska,1989,NA,16,NA
Madawaska,1990,NA,16,NA
Madawaska,1991,NA,16,NA
Madawaska,1992,NA,16,NA
Madawaska,1993,NA,91,NA
Madawaska,1994,NA,91,NA
Madawaska,1995,NA,27,NA
Madawaska,1996,NA,26,NA
Madawaska,1997,2404640,16,NA
Madawaska,1998,457409,12,NA
Madawaska,1999,0,0,NA
Madawaska,2000,610000,3,NA
Madawaska,2001,11398,1,NA
Madawaska,2002,3892,1,2
Madawaska,2003,100000,7,2
Madawaska,2004,1749764,4,2
Madawaska,2005,8215460,65,2
Madawaska,2006,3700002,14,2
Madawaska,2007,2667765,17,2
Madawaska,2008,24194225,18,2
Madawaska,2009,15800000,32,2
Madawaska,2010,1107610,17,2
Madawaska,2011,1490000,10,2
Madawaska,2012,377488,8,2
Madawaska,2013,349400,3,2
Madawaska,2014,1830563,7,2
Madawaska,2015,0,0,2
Madawaska,2016,0,0,2
Madawaska,2017,1562430,3,2
Madawaska,2018,3988640,3,2
Madawaska,2019,8205821,2,2
Mechanic Falls S.D.,1987,NA,42,4
Mechanic Falls S.D.,1988,NA,42,4
Mechanic Falls S.D.,1989,NA,42,NA
Mechanic Falls S.D.,1990,NA,42,NA
Mechanic Falls S.D.,1991,NA,42,NA
Mechanic Falls S.D.,1992,NA,42,NA
Mechanic Falls S.D.,1993,NA,42,NA
Mechanic Falls S.D.,1994,NA,42,NA
Mechanic Falls S.D.,1995,NA,42,NA
Mechanic Falls S.D.,1996,NA,42,NA
Mechanic Falls S.D.,1997,3544743,24,NA
Mechanic Falls S.D.,1998,11098872,25,NA
Mechanic Falls S.D.,1999,17997322,18,NA
Mechanic Falls S.D.,2000,3923998,10,NA
Mechanic Falls S.D.,2001,1001489,15,NA
Mechanic Falls S.D.,2002,2389769,20,1
Mechanic Falls S.D.,2003,963114,12,1
Mechanic Falls S.D.,2004,11765409,29,1
Mechanic Falls S.D.,2005,11765409,29,1
Mechanic Falls S.D.,2006,9419000,23,1
Mechanic Falls S.D.,2007,11853000,9,1
Mechanic Falls S.D.,2008,11223600,42,3
Mechanic Falls S.D.,2009,6231000,42,3
Mechanic Falls S.D.,2010,9250000,18,3
Mechanic Falls S.D.,2011,5033002,39,3
Mechanic Falls S.D.,2012,9638035,28,3
Mechanic Falls S.D.,2013,3663997,17,2
Mechanic Falls S.D.,2014,1385675,30,2
Mechanic Falls S.D.,2015,1013807,17,2
Mechanic Falls S.D.,2016,927473,25,2
Mechanic Falls S.D.,2017,603528,12,2
Mechanic Falls S.D.,2018,194728,12,2
Mechanic Falls S.D.,2019,616537,16,2
Milford,1987,NA,8,1
Milford,1988,NA,8,1
Milford,1989,NA,8,NA
Milford,1990,NA,8,NA
Milford,1991,NA,8,NA
Milford,1992,NA,8,NA
Milford,1993,NA,8,NA
Milford,1994,NA,8,NA
Milford,1995,NA,8,NA
Milford,1996,NA,8,NA
Milford,1997,220000,8,NA
Milford,1998,220000,8,NA
Milford,1999,220000,8,NA
Milford,2000,220000,8,NA
Milford,2001,220000,8,NA
Milford,2002,220000,8,1
Milford,2003,220000,8,1
Milford,2004,220000,8,1
Milford,2005,0,0,1
Milford,2006,211070,8,1
Milford,2007,0,0,1
Milford,2008,88365,4,1
Milford,2009,66285,1,1
Milford,2010,52006,3,1
Milford,2011,407151,2,1
Milford,2012,26970,1,1
Milford,2013,0,0,1
Milford,2014,10000,1,1
Milford,2015,25000,1,1
Milford,2016,20000,1,1
Milford,2017,0,0,1
Milford,2018,0,0,1
Milford,2019,29781,1,1
Milo W.D.,1987,NA,3,3
Milo W.D.,1988,NA,3,3
Milo W.D.,1989,NA,3,NA
Milo W.D.,1990,NA,3,NA
Milo W.D.,1991,NA,3,NA
Milo W.D.,1992,NA,3,NA
Milo W.D.,1993,NA,3,NA
Milo W.D.,1994,NA,3,NA
Milo W.D.,1995,NA,3,NA
Milo W.D.,1996,NA,3,NA
Milo W.D.,1997,10000,3,NA
Milo W.D.,1998,10000,3,NA
Milo W.D.,1999,10000,3,NA
Milo W.D.,2000,1000,1,NA
Milo W.D.,2001,0,0,NA
Milo W.D.,2002,0,0,3
Milo W.D.,2003,2000,1,3
Milo W.D.,2004,0,0,3
Milo W.D.,2005,10000,1,3
Milo W.D.,2006,0,0,3
Milo W.D.,2007,501000,2,3
Milo W.D.,2008,750,1,3
Milo W.D.,2009,NA,NA,NA
Milo W.D.,2010,NA,NA,NA
Milo W.D.,2011,NA,NA,NA
Milo W.D.,2012,NA,NA,NA
Milo W.D.,2013,NA,NA,NA
Milo W.D.,2014,NA,NA,NA
Milo W.D.,2015,NA,NA,NA
Milo W.D.,2016,NA,NA,NA
Milo W.D.,2017,NA,NA,NA
Milo W.D.,2018,NA,NA,NA
Milo W.D.,2019,NA,NA,NA
Old Town,1987,NA,25,4
Old Town,1988,NA,25,4
Old Town,1989,NA,25,NA
Old Town,1990,NA,25,NA
Old Town,1991,NA,25,NA
Old Town,1992,NA,25,NA
Old Town,1993,NA,25,NA
Old Town,1994,NA,25,NA
Old Town,1995,NA,25,NA
Old Town,1996,NA,25,NA
Old Town,1997,6300000,25,NA
Old Town,1998,6300000,3,NA
Old Town,1999,6300000,5,NA
Old Town,2000,6300000,4,NA
Old Town,2001,0,0,NA
Old Town,2002,1597324,5,3
Old Town,2003,6296537,7,3
Old Town,2004,425832,1,3
Old Town,2005,4779340,13,3
Old Town,2006,321105,1,3
Old Town,2007,770699,4,3
Old Town,2008,254967,4,3
Old Town,2009,0,0,3
Old Town,2010,125000,1,3
Old Town,2011,0,0,3
Old Town,2012,0,0,3
Old Town,2013,0,0,3
Old Town,2014,0,0,3
Old Town,2015,30000,1,3
Old Town,2016,10000,1,3
Old Town,2017,0,0,3
Old Town,2018,270801,2,3
Old Town,2019,61508,2,3
Orono,1987,NA,30,1
Orono,1988,NA,30,1
Orono,1989,NA,28,NA
Orono,1990,NA,29,NA
Orono,1991,NA,19,NA
Orono,1992,NA,12,NA
Orono,1993,NA,25,NA
Orono,1994,NA,27,NA
Orono,1995,NA,18,NA
Orono,1996,NA,37,NA
Orono,1997,19600,3,NA
Orono,1998,6956500,7,NA
Orono,1999,5234000,12,NA
Orono,2000,2603000,4,NA
Orono,2001,0,0,NA
Orono,2002,494000,1,1
Orono,2003,1179000,2,1
Orono,2004,0,0,1
Orono,2005,18467330,12,1
Orono,2006,1314000,3,1
Orono,2007,7360000,6,1
Orono,2008,4820000,7,1
Orono,2009,371471,3,1
Orono,2010,2416910,3,1
Orono,2011,1260837,2,1
Orono,2012,0,0,1
Orono,2013,0,0,1
Orono,2014,0,0,1
Orono,2015,1320000,2,1
Orono,2016,1461000,4,1
Orono,2017,0,0,1
Orono,2018,1460000,1,1
Orono,2019,698817,2,1
Paris U.D.,1987,NA,5,1
Paris U.D.,1988,NA,5,1
Paris U.D.,1989,NA,5,NA
Paris U.D.,1990,NA,5,NA
Paris U.D.,1991,NA,5,NA
Paris U.D.,1992,NA,5,NA
Paris U.D.,1993,NA,5,NA
Paris U.D.,1994,NA,5,NA
Paris U.D.,1995,NA,5,NA
Paris U.D.,1996,NA,5,NA
Paris U.D.,1997,0,0,NA
Paris U.D.,1998,17900,1,NA
Paris U.D.,1999,0,0,NA
Paris U.D.,2000,300000,1,NA
Paris U.D.,2001,0,0,NA
Paris U.D.,2002,0,0,1
Paris U.D.,2003,175000,1,1
Paris U.D.,2004,0,0,1
Paris U.D.,2005,288000,2,1
Paris U.D.,2006,173500,2,1
Paris U.D.,2007,206000,2,1
Paris U.D.,2008,84000,2,1
Paris U.D.,2009,0,0,1
Paris U.D.,2010,110000,4,1
Paris U.D.,2011,0,0,1
Paris U.D.,2012,1020000,4,1
Paris U.D.,2013,0,0,1
Paris U.D.,2014,0,0,1
Paris U.D.,2015,0,0,1
Paris U.D.,2016,0,0,1
Paris U.D.,2017,0,0,1
Paris U.D.,2018,0,0,1
Paris U.D.,2019,0,0,1
Portland & PWD,1987,NA,100,42
Portland & PWD,1988,NA,100,42
Portland & PWD,1989,NA,100,NA
Portland & PWD,1990,NA,100,NA
Portland & PWD,1991,NA,100,NA
Portland & PWD,1992,NA,100,NA
Portland & PWD,1993,NA,100,NA
Portland & PWD,1994,NA,100,NA
Portland & PWD,1995,NA,100,NA
Portland & PWD,1996,NA,100,NA
Portland & PWD,1997,457505000,61,NA
Portland & PWD,1998,1788201000,102,NA
Portland & PWD,1999,740737000,81,NA
Portland & PWD,2000,993511000,83,NA
Portland & PWD,2001,807157162,58,NA
Portland & PWD,2002,1245153000,141,34
Portland & PWD,2003,454680000,71,34
Portland & PWD,2004,607351945,86,34
Portland & PWD,2005,1296000000,88,34
Portland & PWD,2006,1816525856,93,34
Portland & PWD,2007,589203712,58,33
Portland & PWD,2008,883105087,87,33
Portland & PWD,2009,872751281,104,33
Portland & PWD,2010,780188153,79,32
Portland & PWD,2011,496288000,88,32
Portland & PWD,2012,704319257,70,31
Portland & PWD,2013,179403901,63,31
Portland & PWD,2014,414421500,75,31
Portland & PWD,2015,254663330,58,31
Portland & PWD,2016,318359691,56,30
Portland & PWD,2017,175675000,38,30
Portland & PWD,2018,283612831,49,30
Portland & PWD,2019,184453600,46,30
Presque Isle,1987,NA,26,1
Presque Isle,1988,NA,26,1
Presque Isle,1989,NA,26,NA
Presque Isle,1990,NA,26,NA
Presque Isle,1991,NA,26,NA
Presque Isle,1992,NA,26,NA
Presque Isle,1993,NA,26,NA
Presque Isle,1994,NA,26,NA
Presque Isle,1995,NA,26,NA
Presque Isle,1996,NA,26,NA
Presque Isle,1997,4390000,17,NA
Presque Isle,1998,27487000,26,NA
Presque Isle,1999,10194000,12,NA
Presque Isle,2000,7234000,14,NA
Presque Isle,2001,113000,4,NA
Presque Isle,2002,NA,NA,0
Presque Isle,2003,NA,NA,0
Presque Isle,2004,NA,NA,NA
Presque Isle,2005,NA,NA,NA
Presque Isle,2006,NA,NA,NA
Presque Isle,2007,NA,NA,NA
Presque Isle,2008,NA,NA,NA
Presque Isle,2009,NA,NA,NA
Presque Isle,2010,NA,NA,NA
Presque Isle,2011,NA,NA,NA
Presque Isle,2012,NA,NA,NA
Presque Isle,2013,NA,NA,NA
Presque Isle,2014,NA,NA,NA
Presque Isle,2015,NA,NA,NA
Presque Isle,2016,NA,NA,NA
Presque Isle,2017,NA,NA,NA
Presque Isle,2018,NA,NA,NA
Presque Isle,2019,NA,NA,NA
Randolph,1987,NA,23,1
Randolph,1988,NA,23,1
Randolph,1989,NA,23,NA
Randolph,1990,NA,23,NA
Randolph,1991,NA,23,NA
Randolph,1992,NA,23,NA
Randolph,1993,NA,23,NA
Randolph,1994,NA,23,NA
Randolph,1995,NA,23,NA
Randolph,1996,NA,23,NA
Randolph,1997,10000000,23,NA
Randolph,1998,10000000,23,NA
Randolph,1999,10000000,23,NA
Randolph,2000,2122156,23,NA
Randolph,2001,9878793,19,NA
Randolph,2002,196591,3,1
Randolph,2003,432500,2,1
Randolph,2004,0,0,1
Randolph,2005,1058039,8,1
Randolph,2006,266256,3,1
Randolph,2007,459476,1,1
Randolph,2008,1413880,9,1
Randolph,2009,488645,7,1
Randolph,2010,285719,3,1
Randolph,2011,223934,2,1
Randolph,2012,988434,2,1
Randolph,2013,50054,1,1
Randolph,2014,101183,2,1
Randolph,2015,0,0,1
Randolph,2016,515240,2,1
Randolph,2017,0,0,1
Randolph,2018,105695,2,1
Randolph,2019,3500,1,1
Rockland,1987,NA,23,8
Rockland,1988,NA,23,8
Rockland,1989,NA,23,NA
Rockland,1990,NA,23,NA
Rockland,1991,NA,23,NA
Rockland,1992,NA,23,NA
Rockland,1993,NA,23,NA
Rockland,1994,NA,23,NA
Rockland,1995,NA,23,NA
Rockland,1996,NA,23,NA
Rockland,1997,47000000,12,NA
Rockland,1998,47370142,23,NA
Rockland,1999,20000000,18,NA
Rockland,2000,20000000,8,NA
Rockland,2001,20000000,5,NA
Rockland,2002,20000000,11,4
Rockland,2003,20000000,6,4
Rockland,2004,7000000,2,4
Rockland,2005,0,0,4
Rockland,2006,0,0,4
Rockland,2007,0,0,2
Rockland,2008,0,0,2
Rockland,2009,0,0,2
Rockland,2010,NA,NA,NA
Rockland,2011,NA,NA,NA
Rockland,2012,NA,NA,NA
Rockland,2013,NA,NA,NA
Rockland,2014,NA,NA,1
Rockland,2015,NA,NA,1
Rockland,2016,0,0,1
Rockland,2017,0,0,1
Rockland,2018,0,0,1
Rockland,2019,0,0,1
Saco,1987,NA,44,9
Saco,1988,NA,44,9
Saco,1989,NA,44,NA
Saco,1990,NA,44,NA
Saco,1991,NA,44,NA
Saco,1992,NA,44,NA
Saco,1993,NA,44,NA
Saco,1994,NA,44,NA
Saco,1995,NA,44,NA
Saco,1996,NA,44,NA
Saco,1997,30255737,36,NA
Saco,1998,31558200,33,NA
Saco,1999,19608006,39,NA
Saco,2000,19264777,44,NA
Saco,2001,17720027,22,NA
Saco,2002,4316465,36,5
Saco,2003,5758842,22,5
Saco,2004,10313025,32,5
Saco,2005,176214902,41,5
Saco,2006,38451182,24,5
Saco,2007,1950000,12,5
Saco,2008,100000,12,6
Saco,2009,27015,9,5
Saco,2010,924014,10,4
Saco,2011,1372128,4,4
Saco,2012,2964929,21,4
Saco,2013,1100985,15,4
Saco,2014,1739425,19,4
Saco,2015,1057000,13,4
Saco,2016,599000,12,4
Saco,2017,304000,7,4
Saco,2018,2139000,15,2
Saco,2019,2675000,6,2
Sanford S.D.,1987,NA,10,3
Sanford S.D.,1988,NA,10,3
Sanford S.D.,1989,NA,10,NA
Sanford S.D.,1990,NA,10,NA
Sanford S.D.,1991,NA,10,NA
Sanford S.D.,1992,NA,10,NA
Sanford S.D.,1993,NA,10,NA
Sanford S.D.,1994,NA,10,NA
Sanford S.D.,1995,NA,10,NA
Sanford S.D.,1996,NA,10,NA
Sanford S.D.,1997,4000000,10,NA
Sanford S.D.,1998,2458950,10,NA
Sanford S.D.,1999,2470950,3,NA
Sanford S.D.,2000,55000,1,NA
Sanford S.D.,2001,0,0,NA
Sanford S.D.,2002,0,0,2
Sanford S.D.,2003,0,0,2
Sanford S.D.,2004,0,0,2
Sanford S.D.,2005,0,0,2
Sanford S.D.,2006,15000,1,2
Sanford S.D.,2007,0,0,2
Sanford S.D.,2008,0,0,1
Sanford S.D.,2009,0,0,1
Sanford S.D.,2010,0,0,1
Sanford S.D.,2011,0,0,1
Sanford S.D.,2012,0,0,1
Sanford S.D.,2013,NA,0,0
Sanford S.D.,2014,NA,NA,NA
Sanford S.D.,2015,NA,NA,NA
Sanford S.D.,2016,NA,NA,NA
Sanford S.D.,2017,NA,NA,NA
Sanford S.D.,2018,NA,NA,NA
Sanford S.D.,2019,NA,NA,NA
Skowhegan,1987,NA,160,10
Skowhegan,1988,NA,160,10
Skowhegan,1989,NA,160,NA
Skowhegan,1990,NA,160,NA
Skowhegan,1991,NA,160,NA
Skowhegan,1992,NA,160,NA
Skowhegan,1993,NA,160,NA
Skowhegan,1994,NA,160,NA
Skowhegan,1995,NA,160,NA
Skowhegan,1996,NA,160,NA
Skowhegan,1997,10917612,108,NA
Skowhegan,1998,23930371,111,NA
Skowhegan,1999,23930371,111,NA
Skowhegan,2000,4110833,161,NA
Skowhegan,2001,12315897,95,NA
Skowhegan,2002,10883416,115,9
Skowhegan,2003,22768111,77,9
Skowhegan,2004,12082768,53,9
Skowhegan,2005,47873323,81,9
Skowhegan,2006,31314358,81,9
Skowhegan,2007,21596631,55,9
Skowhegan,2008,61963453,58,8
Skowhegan,2009,6073919,17,7
Skowhegan,2010,7550855,23,7
Skowhegan,2011,4757994,21,7
Skowhegan,2012,4238875,25,7
Skowhegan,2013,4746538,36,7
Skowhegan,2014,3861193,28,7
Skowhegan,2015,6786698,20,7
Skowhegan,2016,4168672,23,7
Skowhegan,2017,738844,23,7
Skowhegan,2018,4379019,21,5
Skowhegan,2019,1711809,23,5
South Portland,1987,NA,23,28
South Portland,1988,NA,23,28
South Portland,1989,NA,23,NA
South Portland,1990,NA,23,NA
South Portland,1991,NA,23,NA
South Portland,1992,NA,23,NA
South Portland,1993,NA,23,NA
South Portland,1994,NA,23,NA
South Portland,1995,NA,23,NA
South Portland,1996,NA,23,NA
South Portland,1997,31046134,21,NA
South Portland,1998,182646264,23,NA
South Portland,1999,50000000,23,NA
South Portland,2000,17535575,15,NA
South Portland,2001,49503494,12,NA
South Portland,2002,4467429,11,8
South Portland,2003,7896125,10,8
South Portland,2004,19812914,10,6
South Portland,2005,26810104,20,8
South Portland,2006,26118706,20,7
South Portland,2007,15727553,5,5
South Portland,2008,12883433,10,6
South Portland,2009,12183196,10,6
South Portland,2010,42095393,12,6
South Portland,2011,14906594,13,6
South Portland,2012,37134882,12,6
South Portland,2013,1858579,7,6
South Portland,2014,15531600,9,6
South Portland,2015,11161602,2,6
South Portland,2016,6240350,3,6
South Portland,2017,2033229,2,6
South Portland,2018,3533710,4,4
South Portland,2019,8651990,3,4
Westbrook,1987,NA,50,7
Westbrook,1988,NA,50,7
Westbrook,1989,NA,NA,NA
Westbrook,1990,NA,NA,NA
Westbrook,1991,NA,NA,NA
Westbrook,1992,NA,NA,NA
Westbrook,1993,NA,NA,NA
Westbrook,1994,NA,NA,NA
Westbrook,1995,NA,NA,NA
Westbrook,1996,NA,NA,NA
Westbrook,1997,38407000,NA,NA
Westbrook,1998,49090000,NA,NA
Westbrook,1999,21391000,NA,NA
Westbrook,2000,1229000,NA,NA
Westbrook,2001,2187000,NA,NA
Westbrook,2002,271000,NA,5
Westbrook,2003,7000,NA,5
Westbrook,2004,944000,NA,5
Westbrook,2005,11119000,17,5
Westbrook,2006,40636729,31,5
Westbrook,2007,15879000,55,5
Westbrook,2008,7379066,50,5
Westbrook,2009,7069280,11,5
Westbrook,2010,14105989,12,5
Westbrook,2011,12202000,16,5
Westbrook,2012,18903485,13,5
Westbrook,2013,6222000,60,5
Westbrook,2014,11932000,70,5
Westbrook,2015,4423000,49,5
Westbrook,2016,7447100,38,5
Westbrook,2017,1285000,2,5
Westbrook,2018,1631000,6,5
Westbrook,2019,9816000,4,5
Westbrook (PWD),1987,NA,NA,NA
Westbrook (PWD),1988,NA,NA,NA
Westbrook (PWD),1989,NA,50,NA
Westbrook (PWD),1990,NA,50,NA
Westbrook (PWD),1991,NA,50,NA
Westbrook (PWD),1992,NA,50,NA
Westbrook (PWD),1993,NA,50,NA
Westbrook (PWD),1994,NA,50,NA
Westbrook (PWD),1995,NA,50,NA
Westbrook (PWD),1996,NA,50,NA
Westbrook (PWD),1997,NA,34,NA
Westbrook (PWD),1998,NA,30,NA
Westbrook (PWD),1999,NA,19,NA
Westbrook (PWD),2000,NA,16,NA
Westbrook (PWD),2001,NA,15,NA
Westbrook (PWD),2002,NA,33,NA
Westbrook (PWD),2003,NA,7,NA
Westbrook (PWD),2004,NA,13,NA
Westbrook (PWD),2005,NA,NA,NA
Westbrook (PWD),2006,NA,NA,NA
Westbrook (PWD),2007,NA,NA,NA
Westbrook (PWD),2008,NA,NA,NA
Westbrook (PWD),2009,NA,NA,NA
Westbrook (PWD),2010,NA,NA,NA
Westbrook (PWD),2011,NA,NA,NA
Westbrook (PWD),2012,NA,NA,NA
Westbrook (PWD),2013,NA,NA,NA
Westbrook (PWD),2014,NA,NA,NA
Westbrook (PWD),2015,NA,NA,NA
Westbrook (PWD),2016,NA,NA,NA
Westbrook (PWD),2017,NA,NA,NA
Westbrook (PWD),2018,NA,NA,NA
Westbrook (PWD),2019,NA,NA,NA
Winslow,1987,NA,20,2
Winslow,1988,NA,20,2
Winslow,1989,NA,20,NA
Winslow,1990,NA,20,NA
Winslow,1991,NA,20,NA
Winslow,1992,NA,20,NA
Winslow,1993,NA,20,NA
Winslow,1994,NA,20,NA
Winslow,1995,NA,20,NA
Winslow,1996,NA,20,NA
Winslow,1997,900000,10,NA
Winslow,1998,500000,10,NA
Winslow,1999,200000,1,NA
Winslow,2000,0,0,NA
Winslow,2001,0,0,NA
Winslow,2002,0,0,2
Winslow,2003,0,0,2
Winslow,2004,0,0,2
Winslow,2005,23652,1,2
Winslow,2006,0,0,1
Winslow,2007,725000,3,1
Winslow,2008,235000,3,1
Winslow,2009,5001,3,1
Winslow,2010,200000,2,2
Winslow,2011,63354,3,2
Winslow,2012,1327119,9,2
Winslow,2013,7070,1,2
Winslow,2014,0,0,2
Winslow,2015,164549,1,2
Winslow,2016,70144,3,3
Winslow,2017,237400,1,3
Winslow,2018,601045,1,3
Winslow,2019,3654519,2,2
Winterport S.D.,1987,NA,8,1
Winterport S.D.,1988,NA,8,1
Winterport S.D.,1989,NA,8,NA
Winterport S.D.,1990,NA,8,NA
Winterport S.D.,1991,NA,8,NA
Winterport S.D.,1992,NA,8,NA
Winterport S.D.,1993,NA,8,NA
Winterport S.D.,1994,NA,8,NA
Winterport S.D.,1995,NA,8,NA
Winterport S.D.,1996,NA,8,NA
Winterport S.D.,1997,680000,8,NA
Winterport S.D.,1998,680000,8,NA
Winterport S.D.,1999,680000,8,NA
Winterport S.D.,2000,680000,8,NA
Winterport S.D.,2001,70500,3,NA
Winterport S.D.,2002,144000,3,1
Winterport S.D.,2003,570000,8,1
Winterport S.D.,2004,91000,1,1
Winterport S.D.,2005,677800,2,1
Winterport S.D.,2006,0,0,1
Winterport S.D.,2007,102000,1,1
Winterport S.D.,2008,252000,1,1
Winterport S.D.,2009,18000,1,1
Winterport S.D.,2010,0,0,1
Winterport S.D.,2011,0,0,1
Winterport S.D.,2012,0,0,1
Winterport S.D.,2013,0,0,1
Winterport S.D.,2014,60000,1,1
Winterport S.D.,2015,90000,2,1
Winterport S.D.,2016,0,0,1
Winterport S.D.,2017,0,0,1
Winterport S.D.,2018,138000,1,1
Winterport S.D.,2019,0,0,1
Yarmouth,1987,NA,4,2
Yarmouth,1988,NA,4,2
Yarmouth,1989,NA,4,NA
Yarmouth,1990,NA,4,NA
Yarmouth,1991,NA,4,NA
Yarmouth,1992,NA,4,NA
Yarmouth,1993,NA,4,NA
Yarmouth,1994,NA,4,NA
Yarmouth,1995,NA,4,NA
Yarmouth,1996,NA,4,NA
Yarmouth,1997,0,0,NA
Yarmouth,1998,500,4,NA
Yarmouth,1999,500,4,NA
Yarmouth,2000,200,2,NA
Yarmouth,2001,200,1,NA
Yarmouth,2002,0,0,1
Yarmouth,2003,NA,NA,0
Yarmouth,2004,NA,NA,NA
Yarmouth,2005,NA,NA,NA
Yarmouth,2006,NA,NA,NA
Yarmouth,2007,NA,NA,NA
Yarmouth,2008,NA,NA,NA
Yarmouth,2009,NA,NA,NA
Yarmouth,2010,NA,NA,NA
Yarmouth,2011,NA,NA,NA
Yarmouth,2012,NA,NA,NA
Yarmouth,2013,NA,NA,NA
Yarmouth,2014,NA,NA,NA
Yarmouth,2015,NA,NA,NA
Yarmouth,2016,NA,NA,NA
Yarmouth,2017,NA,NA,NA
Yarmouth,2018,NA,NA,NA
Yarmouth,2019,NA,NA,NA
